company_priority,company_code,company_name,industry,business_priority,business_id,business_name,status,split_reason,source_requirements,business_bmc_md_path,image_path,reviewer_notes,updated_at,draft_quality,same_template_group_size,same_template_businesses,research_next_step
1,8306,三菱UFJフィナンシャル・グループ,銀行業,1,8306-01-business,法人・リテール,source_review,国内個人・中堅中小企業・富裕層向けの預金、決済、融資、資産運用を一体で扱うため、法人/個人接点を事業単位で深掘りする,https://www.mufg.jp/ir/fs/2025/index.html | https://www.mufg.jp/dam/ir/fs/2025/pdf/summary2603_ja.pdf | https://www.mufg.jp/ir/presentation/2025/index.html | https://www.mufg.jp/dam/ir/presentation/2025/pdf/slides2603_ja.pdf | https://www.mufg.jp/dam/ir/fs/2025/pdf/summary2506_en.pdf,business_bmcs/8306/8306-01-business.md,images/business_bmcs/8306/8306-01-business.png,公式資料に基づく事業別初期案。未確認のKPI・主要商品別収益は追加レビュー。,2026-06-11,source_based_draft,1,法人・リテール,公式資料のセグメント別KPI、主要商品別収益、顧客別収益で記述を追加検証する
1,8306,三菱UFJフィナンシャル・グループ,銀行業,2,8306-02-business,受託財産,source_review,投資家・運用会社・年金基金向けの資産運用、資産管理、年金サービスは銀行貸出とは収益構造が異なるため独立して深掘りする,https://www.mufg.jp/ir/fs/2025/index.html | https://www.mufg.jp/dam/ir/fs/2025/pdf/summary2603_ja.pdf | https://www.mufg.jp/ir/presentation/2025/index.html | https://www.mufg.jp/dam/ir/presentation/2025/pdf/slides2603_ja.pdf | https://www.mufg.jp/dam/ir/fs/2025/pdf/summary2506_en.pdf,business_bmcs/8306/8306-02-business.md,images/business_bmcs/8306/8306-02-business.png,公式資料に基づく事業別初期案。未確認のKPI・主要商品別収益は追加レビュー。,2026-06-11,source_based_draft,1,受託財産,公式資料のセグメント別KPI、主要商品別収益、顧客別収益で記述を追加検証する
1,8306,三菱UFJフィナンシャル・グループ,銀行業,3,8306-03-business,市場,source_review,顧客向け市場商品とグループALM・自己ポートフォリオ管理は預貸や資産管理と異なるため、市場事業として深掘りする,https://www.mufg.jp/ir/fs/2025/index.html | https://www.mufg.jp/dam/ir/fs/2025/pdf/summary2603_ja.pdf | https://www.mufg.jp/ir/presentation/2025/index.html | https://www.mufg.jp/dam/ir/presentation/2025/pdf/slides2603_ja.pdf | https://www.mufg.jp/dam/ir/fs/2025/pdf/summary2506_en.pdf,business_bmcs/8306/8306-03-business.md,images/business_bmcs/8306/8306-03-business.png,公式資料に基づく事業別初期案。未確認のKPI・主要商品別収益は追加レビュー。,2026-06-11,source_based_draft,1,市場,公式資料のセグメント別KPI、主要商品別収益、顧客別収益で記述を追加検証する
1,8306,三菱UFJフィナンシャル・グループ,銀行業,4,8306-04-cib,グローバルCIB,source_review,海外大企業・金融機関向けの貸出、資本市場、M&A、プロジェクトファイナンスは大型案件型のため独立して深掘りする,https://www.mufg.jp/ir/fs/2025/index.html | https://www.mufg.jp/dam/ir/fs/2025/pdf/summary2603_ja.pdf | https://www.mufg.jp/ir/presentation/2025/index.html | https://www.mufg.jp/dam/ir/presentation/2025/pdf/slides2603_ja.pdf | https://www.mufg.jp/dam/ir/fs/2025/pdf/summary2506_en.pdf,business_bmcs/8306/8306-04-cib.md,images/business_bmcs/8306/8306-04-cib.png,公式資料に基づく事業別初期案。未確認のKPI・主要商品別収益は追加レビュー。,2026-06-11,source_based_draft,1,グローバルCIB,公式資料のセグメント別KPI、主要商品別収益、顧客別収益で記述を追加検証する
1,8306,三菱UFJフィナンシャル・グループ,銀行業,5,8306-05-business,グローバルコマーシャルバンキング,source_review,ASEAN等の出資先商業銀行を通じた個人・SME金融は、CIBや国内銀行とは顧客接点・収益構造が異なるため独立して深掘りする,https://www.mufg.jp/ir/fs/2025/index.html | https://www.mufg.jp/dam/ir/fs/2025/pdf/summary2603_ja.pdf | https://www.mufg.jp/ir/presentation/2025/index.html | https://www.mufg.jp/dam/ir/presentation/2025/pdf/slides2603_ja.pdf | https://www.mufg.jp/dam/ir/fs/2025/pdf/summary2506_en.pdf,business_bmcs/8306/8306-05-business.md,images/business_bmcs/8306/8306-05-business.png,公式資料に基づく事業別初期案。未確認のKPI・主要商品別収益は追加レビュー。,2026-06-11,source_based_draft,1,グローバルコマーシャルバンキング,公式資料のセグメント別KPI、主要商品別収益、顧客別収益で記述を追加検証する
2,7203,トヨタ自動車,輸送用機器,1,7203-01-business,自動車,template_only,公式セグメントまたは主要事業を起点にした深掘り候補,https://global.toyota/jp/ir/ | 有価証券報告書 | 決算説明資料 | 統合報告書または中期経営計画 | 事業別ページまたは製品/サービスページ,business_bmcs/7203/7203-01-business.md,images/business_bmcs/7203/7203-01-business.png,テンプレート初期案。同一企業内で同じ原型BMCを共有する候補が2件あります: 自動車、その他。公式資料で事業別に再調査してください。,2026-06-11,template_only,2,自動車、その他,公式資料で事業境界、主要顧客、価値提案、収益源を確認し、このテンプレート初期案を事業固有のBMCへ更新する
2,7203,トヨタ自動車,輸送用機器,2,7203-02-business,金融,template_only,公式セグメントまたは主要事業を起点にした深掘り候補,https://global.toyota/jp/ir/ | 有価証券報告書 | 決算説明資料 | 統合報告書または中期経営計画 | 事業別ページまたは製品/サービスページ,business_bmcs/7203/7203-02-business.md,images/business_bmcs/7203/7203-02-business.png,テンプレート初期案。公式資料で事業境界、KPI、根拠URLを確認し、事業固有の記述へ更新してください。,2026-06-11,template_only,1,金融,公式資料で事業境界、主要顧客、価値提案、収益源を確認し、このテンプレート初期案を事業固有のBMCへ更新する
2,7203,トヨタ自動車,輸送用機器,3,7203-03-business,その他,template_only,公式セグメントまたは主要事業を起点にした深掘り候補,https://global.toyota/jp/ir/ | 有価証券報告書 | 決算説明資料 | 統合報告書または中期経営計画 | 事業別ページまたは製品/サービスページ,business_bmcs/7203/7203-03-business.md,images/business_bmcs/7203/7203-03-business.png,テンプレート初期案。同一企業内で同じ原型BMCを共有する候補が2件あります: 自動車、その他。公式資料で事業別に再調査してください。,2026-06-11,template_only,2,自動車、その他,公式資料で事業境界、主要顧客、価値提案、収益源を確認し、このテンプレート初期案を事業固有のBMCへ更新する
3,6501,日立製作所,電気機器,1,6501-01-business,デジタルシステム&サービス,template_only,公式セグメントまたは主要事業を起点にした深掘り候補,https://www.hitachi.co.jp/IR/ | 有価証券報告書 | 決算説明資料 | 統合報告書または中期経営計画 | 事業別ページまたは製品/サービスページ,business_bmcs/6501/6501-01-business.md,images/business_bmcs/6501/6501-01-business.png,テンプレート初期案。公式資料で事業境界、KPI、根拠URLを確認し、事業固有の記述へ更新してください。,2026-06-11,template_only,1,デジタルシステム&サービス,公式資料で事業境界、主要顧客、価値提案、収益源を確認し、このテンプレート初期案を事業固有のBMCへ更新する
3,6501,日立製作所,電気機器,2,6501-02-business,グリーンエナジー&モビリティ,template_only,公式セグメントまたは主要事業を起点にした深掘り候補,https://www.hitachi.co.jp/IR/ | 有価証券報告書 | 決算説明資料 | 統合報告書または中期経営計画 | 事業別ページまたは製品/サービスページ,business_bmcs/6501/6501-02-business.md,images/business_bmcs/6501/6501-02-business.png,テンプレート初期案。公式資料で事業境界、KPI、根拠URLを確認し、事業固有の記述へ更新してください。,2026-06-11,template_only,1,グリーンエナジー&モビリティ,公式資料で事業境界、主要顧客、価値提案、収益源を確認し、このテンプレート初期案を事業固有のBMCへ更新する
3,6501,日立製作所,電気機器,3,6501-03-business,コネクティブインダストリーズ,template_only,公式セグメントまたは主要事業を起点にした深掘り候補,https://www.hitachi.co.jp/IR/ | 有価証券報告書 | 決算説明資料 | 統合報告書または中期経営計画 | 事業別ページまたは製品/サービスページ,business_bmcs/6501/6501-03-business.md,images/business_bmcs/6501/6501-03-business.png,テンプレート初期案。公式資料で事業境界、KPI、根拠URLを確認し、事業固有の記述へ更新してください。,2026-06-11,template_only,1,コネクティブインダストリーズ,公式資料で事業境界、主要顧客、価値提案、収益源を確認し、このテンプレート初期案を事業固有のBMCへ更新する
4,8316,三井住友フィナンシャルグループ,銀行業,1,8316-01-business,ホールセール,template_only,公式セグメントまたは主要事業を起点にした深掘り候補,https://www.smfg.co.jp/investor/ | 有価証券報告書 | 決算説明資料 | 統合報告書または中期経営計画 | 事業別ページまたは製品/サービスページ,business_bmcs/8316/8316-01-business.md,images/business_bmcs/8316/8316-01-business.png,テンプレート初期案。同一企業内で同じ原型BMCを共有する候補が3件あります: ホールセール、リテール、グローバル。公式資料で事業別に再調査してください。,2026-06-11,template_only,3,ホールセール、リテール、グローバル,公式資料で事業境界、主要顧客、価値提案、収益源を確認し、このテンプレート初期案を事業固有のBMCへ更新する
4,8316,三井住友フィナンシャルグループ,銀行業,2,8316-02-business,リテール,template_only,公式セグメントまたは主要事業を起点にした深掘り候補,https://www.smfg.co.jp/investor/ | 有価証券報告書 | 決算説明資料 | 統合報告書または中期経営計画 | 事業別ページまたは製品/サービスページ,business_bmcs/8316/8316-02-business.md,images/business_bmcs/8316/8316-02-business.png,テンプレート初期案。同一企業内で同じ原型BMCを共有する候補が3件あります: ホールセール、リテール、グローバル。公式資料で事業別に再調査してください。,2026-06-11,template_only,3,ホールセール、リテール、グローバル,公式資料で事業境界、主要顧客、価値提案、収益源を確認し、このテンプレート初期案を事業固有のBMCへ更新する
4,8316,三井住友フィナンシャルグループ,銀行業,3,8316-03-business,グローバル,template_only,公式セグメントまたは主要事業を起点にした深掘り候補,https://www.smfg.co.jp/investor/ | 有価証券報告書 | 決算説明資料 | 統合報告書または中期経営計画 | 事業別ページまたは製品/サービスページ,business_bmcs/8316/8316-03-business.md,images/business_bmcs/8316/8316-03-business.png,テンプレート初期案。同一企業内で同じ原型BMCを共有する候補が3件あります: ホールセール、リテール、グローバル。公式資料で事業別に再調査してください。,2026-06-11,template_only,3,ホールセール、リテール、グローバル,公式資料で事業境界、主要顧客、価値提案、収益源を確認し、このテンプレート初期案を事業固有のBMCへ更新する
4,8316,三井住友フィナンシャルグループ,銀行業,4,8316-04-business,市場,template_only,公式セグメントまたは主要事業を起点にした深掘り候補,https://www.smfg.co.jp/investor/ | 有価証券報告書 | 決算説明資料 | 統合報告書または中期経営計画 | 事業別ページまたは製品/サービスページ,business_bmcs/8316/8316-04-business.md,images/business_bmcs/8316/8316-04-business.png,テンプレート初期案。公式資料で事業境界、KPI、根拠URLを確認し、事業固有の記述へ更新してください。,2026-06-11,template_only,1,市場,公式資料で事業境界、主要顧客、価値提案、収益源を確認し、このテンプレート初期案を事業固有のBMCへ更新する
5,6758,ソニーグループ,電気機器,1,6758-01-business,ゲーム&ネットワークサービス,template_only,公式セグメントまたは主要事業を起点にした深掘り候補,https://www.sony.com/ja/SonyInfo/IR/ | 有価証券報告書 | 決算説明資料 | 統合報告書または中期経営計画 | 事業別ページまたは製品/サービスページ,business_bmcs/6758/6758-01-business.md,images/business_bmcs/6758/6758-01-business.png,テンプレート初期案。同一企業内で同じ原型BMCを共有する候補が2件あります: ゲーム&ネットワークサービス、音楽。公式資料で事業別に再調査してください。,2026-06-11,template_only,2,ゲーム&ネットワークサービス、音楽,公式資料で事業境界、主要顧客、価値提案、収益源を確認し、このテンプレート初期案を事業固有のBMCへ更新する
5,6758,ソニーグループ,電気機器,2,6758-02-business,音楽,template_only,公式セグメントまたは主要事業を起点にした深掘り候補,https://www.sony.com/ja/SonyInfo/IR/ | 有価証券報告書 | 決算説明資料 | 統合報告書または中期経営計画 | 事業別ページまたは製品/サービスページ,business_bmcs/6758/6758-02-business.md,images/business_bmcs/6758/6758-02-business.png,テンプレート初期案。同一企業内で同じ原型BMCを共有する候補が2件あります: ゲーム&ネットワークサービス、音楽。公式資料で事業別に再調査してください。,2026-06-11,template_only,2,ゲーム&ネットワークサービス、音楽,公式資料で事業境界、主要顧客、価値提案、収益源を確認し、このテンプレート初期案を事業固有のBMCへ更新する
5,6758,ソニーグループ,電気機器,3,6758-03-business,映画,template_only,公式セグメントまたは主要事業を起点にした深掘り候補,https://www.sony.com/ja/SonyInfo/IR/ | 有価証券報告書 | 決算説明資料 | 統合報告書または中期経営計画 | 事業別ページまたは製品/サービスページ,business_bmcs/6758/6758-03-business.md,images/business_bmcs/6758/6758-03-business.png,テンプレート初期案。公式資料で事業境界、KPI、根拠URLを確認し、事業固有の記述へ更新してください。,2026-06-11,template_only,1,映画,公式資料で事業境界、主要顧客、価値提案、収益源を確認し、このテンプレート初期案を事業固有のBMCへ更新する
5,6758,ソニーグループ,電気機器,4,6758-04-business,エンタテインメント・テクノロジー&サービス,template_only,公式セグメントまたは主要事業を起点にした深掘り候補,https://www.sony.com/ja/SonyInfo/IR/ | 有価証券報告書 | 決算説明資料 | 統合報告書または中期経営計画 | 事業別ページまたは製品/サービスページ,business_bmcs/6758/6758-04-business.md,images/business_bmcs/6758/6758-04-business.png,テンプレート初期案。公式資料で事業境界、KPI、根拠URLを確認し、事業固有の記述へ更新してください。,2026-06-11,template_only,1,エンタテインメント・テクノロジー&サービス,公式資料で事業境界、主要顧客、価値提案、収益源を確認し、このテンプレート初期案を事業固有のBMCへ更新する
5,6758,ソニーグループ,電気機器,5,6758-05-business,イメージング&センシング・ソリューション,template_only,公式セグメントまたは主要事業を起点にした深掘り候補,https://www.sony.com/ja/SonyInfo/IR/ | 有価証券報告書 | 決算説明資料 | 統合報告書または中期経営計画 | 事業別ページまたは製品/サービスページ,business_bmcs/6758/6758-05-business.md,images/business_bmcs/6758/6758-05-business.png,テンプレート初期案。公式資料で事業境界、KPI、根拠URLを確認し、事業固有の記述へ更新してください。,2026-06-11,template_only,1,イメージング&センシング・ソリューション,公式資料で事業境界、主要顧客、価値提案、収益源を確認し、このテンプレート初期案を事業固有のBMCへ更新する
6,8058,三菱商事,卸売業,1,8058-01-business,天然ガス,template_only,公式セグメントまたは主要事業を起点にした深掘り候補,https://www.mitsubishicorp.com/jp/ja/ir/ | 有価証券報告書 | 決算説明資料 | 統合報告書または中期経営計画 | 事業別ページまたは製品/サービスページ,business_bmcs/8058/8058-01-business.md,images/business_bmcs/8058/8058-01-business.png,テンプレート初期案。同一企業内で同じ原型BMCを共有する候補が2件あります: 天然ガス、食品産業。公式資料で事業別に再調査してください。,2026-06-11,template_only,2,天然ガス、食品産業,公式資料で事業境界、主要顧客、価値提案、収益源を確認し、このテンプレート初期案を事業固有のBMCへ更新する
6,8058,三菱商事,卸売業,2,8058-02-business,総合素材,template_only,公式セグメントまたは主要事業を起点にした深掘り候補,https://www.mitsubishicorp.com/jp/ja/ir/ | 有価証券報告書 | 決算説明資料 | 統合報告書または中期経営計画 | 事業別ページまたは製品/サービスページ,business_bmcs/8058/8058-02-business.md,images/business_bmcs/8058/8058-02-business.png,テンプレート初期案。公式資料で事業境界、KPI、根拠URLを確認し、事業固有の記述へ更新してください。,2026-06-11,template_only,1,総合素材,公式資料で事業境界、主要顧客、価値提案、収益源を確認し、このテンプレート初期案を事業固有のBMCへ更新する
6,8058,三菱商事,卸売業,3,8058-03-business,金属資源,template_only,公式セグメントまたは主要事業を起点にした深掘り候補,https://www.mitsubishicorp.com/jp/ja/ir/ | 有価証券報告書 | 決算説明資料 | 統合報告書または中期経営計画 | 事業別ページまたは製品/サービスページ,business_bmcs/8058/8058-03-business.md,images/business_bmcs/8058/8058-03-business.png,テンプレート初期案。同一企業内で同じ原型BMCを共有する候補が2件あります: 金属資源、複合都市開発。公式資料で事業別に再調査してください。,2026-06-11,template_only,2,金属資源、複合都市開発,公式資料で事業境界、主要顧客、価値提案、収益源を確認し、このテンプレート初期案を事業固有のBMCへ更新する
6,8058,三菱商事,卸売業,4,8058-04-business,食品産業,template_only,公式セグメントまたは主要事業を起点にした深掘り候補,https://www.mitsubishicorp.com/jp/ja/ir/ | 有価証券報告書 | 決算説明資料 | 統合報告書または中期経営計画 | 事業別ページまたは製品/サービスページ,business_bmcs/8058/8058-04-business.md,images/business_bmcs/8058/8058-04-business.png,テンプレート初期案。同一企業内で同じ原型BMCを共有する候補が2件あります: 天然ガス、食品産業。公式資料で事業別に再調査してください。,2026-06-11,template_only,2,天然ガス、食品産業,公式資料で事業境界、主要顧客、価値提案、収益源を確認し、このテンプレート初期案を事業固有のBMCへ更新する
6,8058,三菱商事,卸売業,5,8058-05-business,モビリティ,template_only,公式セグメントまたは主要事業を起点にした深掘り候補,https://www.mitsubishicorp.com/jp/ja/ir/ | 有価証券報告書 | 決算説明資料 | 統合報告書または中期経営計画 | 事業別ページまたは製品/サービスページ,business_bmcs/8058/8058-05-business.md,images/business_bmcs/8058/8058-05-business.png,テンプレート初期案。公式資料で事業境界、KPI、根拠URLを確認し、事業固有の記述へ更新してください。,2026-06-11,template_only,1,モビリティ,公式資料で事業境界、主要顧客、価値提案、収益源を確認し、このテンプレート初期案を事業固有のBMCへ更新する
6,8058,三菱商事,卸売業,6,8058-06-business,電力ソリューション,template_only,公式セグメントまたは主要事業を起点にした深掘り候補,https://www.mitsubishicorp.com/jp/ja/ir/ | 有価証券報告書 | 決算説明資料 | 統合報告書または中期経営計画 | 事業別ページまたは製品/サービスページ,business_bmcs/8058/8058-06-business.md,images/business_bmcs/8058/8058-06-business.png,テンプレート初期案。公式資料で事業境界、KPI、根拠URLを確認し、事業固有の記述へ更新してください。,2026-06-11,template_only,1,電力ソリューション,公式資料で事業境界、主要顧客、価値提案、収益源を確認し、このテンプレート初期案を事業固有のBMCへ更新する
6,8058,三菱商事,卸売業,7,8058-07-business,複合都市開発,template_only,公式セグメントまたは主要事業を起点にした深掘り候補,https://www.mitsubishicorp.com/jp/ja/ir/ | 有価証券報告書 | 決算説明資料 | 統合報告書または中期経営計画 | 事業別ページまたは製品/サービスページ,business_bmcs/8058/8058-07-business.md,images/business_bmcs/8058/8058-07-business.png,テンプレート初期案。同一企業内で同じ原型BMCを共有する候補が2件あります: 金属資源、複合都市開発。公式資料で事業別に再調査してください。,2026-06-11,template_only,2,金属資源、複合都市開発,公式資料で事業境界、主要顧客、価値提案、収益源を確認し、このテンプレート初期案を事業固有のBMCへ更新する
7,9984,ソフトバンクグループ,情報・通信業,1,9984-01-business,持株会社投資事業,template_only,公式セグメントまたは主要事業を起点にした深掘り候補,https://group.softbank/ir/ | 有価証券報告書 | 決算説明資料 | 統合報告書または中期経営計画 | 事業別ページまたは製品/サービスページ,business_bmcs/9984/9984-01-business.md,images/business_bmcs/9984/9984-01-business.png,テンプレート初期案。同一企業内で同じ原型BMCを共有する候補が4件あります: 持株会社投資事業、ソフトバンク・ビジョン・ファンド、Arm、その他投資。公式資料で事業別に再調査してください。,2026-06-11,template_only,4,持株会社投資事業、ソフトバンク・ビジョン・ファンド、Arm、その他投資,公式資料で事業境界、主要顧客、価値提案、収益源を確認し、このテンプレート初期案を事業固有のBMCへ更新する
7,9984,ソフトバンクグループ,情報・通信業,2,9984-02-business,ソフトバンク・ビジョン・ファンド,template_only,公式セグメントまたは主要事業を起点にした深掘り候補,https://group.softbank/ir/ | 有価証券報告書 | 決算説明資料 | 統合報告書または中期経営計画 | 事業別ページまたは製品/サービスページ,business_bmcs/9984/9984-02-business.md,images/business_bmcs/9984/9984-02-business.png,テンプレート初期案。同一企業内で同じ原型BMCを共有する候補が4件あります: 持株会社投資事業、ソフトバンク・ビジョン・ファンド、Arm、その他投資。公式資料で事業別に再調査してください。,2026-06-11,template_only,4,持株会社投資事業、ソフトバンク・ビジョン・ファンド、Arm、その他投資,公式資料で事業境界、主要顧客、価値提案、収益源を確認し、このテンプレート初期案を事業固有のBMCへ更新する
7,9984,ソフトバンクグループ,情報・通信業,3,9984-03-arm,Arm,template_only,公式セグメントまたは主要事業を起点にした深掘り候補,https://group.softbank/ir/ | 有価証券報告書 | 決算説明資料 | 統合報告書または中期経営計画 | 事業別ページまたは製品/サービスページ,business_bmcs/9984/9984-03-arm.md,images/business_bmcs/9984/9984-03-arm.png,テンプレート初期案。同一企業内で同じ原型BMCを共有する候補が4件あります: 持株会社投資事業、ソフトバンク・ビジョン・ファンド、Arm、その他投資。公式資料で事業別に再調査してください。,2026-06-11,template_only,4,持株会社投資事業、ソフトバンク・ビジョン・ファンド、Arm、その他投資,公式資料で事業境界、主要顧客、価値提案、収益源を確認し、このテンプレート初期案を事業固有のBMCへ更新する
7,9984,ソフトバンクグループ,情報・通信業,4,9984-04-business,その他投資,template_only,公式セグメントまたは主要事業を起点にした深掘り候補,https://group.softbank/ir/ | 有価証券報告書 | 決算説明資料 | 統合報告書または中期経営計画 | 事業別ページまたは製品/サービスページ,business_bmcs/9984/9984-04-business.md,images/business_bmcs/9984/9984-04-business.png,テンプレート初期案。同一企業内で同じ原型BMCを共有する候補が4件あります: 持株会社投資事業、ソフトバンク・ビジョン・ファンド、Arm、その他投資。公式資料で事業別に再調査してください。,2026-06-11,template_only,4,持株会社投資事業、ソフトバンク・ビジョン・ファンド、Arm、その他投資,公式資料で事業境界、主要顧客、価値提案、収益源を確認し、このテンプレート初期案を事業固有のBMCへ更新する
8,8035,東京エレクトロン,電気機器,1,8035-01-business,半導体製造装置,template_only,公式セグメントまたは主要事業を起点にした深掘り候補,https://www.tel.co.jp/ir/ | 有価証券報告書 | 決算説明資料 | 統合報告書または中期経営計画 | 事業別ページまたは製品/サービスページ,business_bmcs/8035/8035-01-business.md,images/business_bmcs/8035/8035-01-business.png,テンプレート初期案。同一企業内で同じ原型BMCを共有する候補が2件あります: 半導体製造装置、FPD製造装置。公式資料で事業別に再調査してください。,2026-06-11,template_only,2,半導体製造装置、FPD製造装置,公式資料で事業境界、主要顧客、価値提案、収益源を確認し、このテンプレート初期案を事業固有のBMCへ更新する
8,8035,東京エレクトロン,電気機器,2,8035-02-fpd,FPD製造装置,template_only,公式セグメントまたは主要事業を起点にした深掘り候補,https://www.tel.co.jp/ir/ | 有価証券報告書 | 決算説明資料 | 統合報告書または中期経営計画 | 事業別ページまたは製品/サービスページ,business_bmcs/8035/8035-02-fpd.md,images/business_bmcs/8035/8035-02-fpd.png,テンプレート初期案。同一企業内で同じ原型BMCを共有する候補が2件あります: 半導体製造装置、FPD製造装置。公式資料で事業別に再調査してください。,2026-06-11,template_only,2,半導体製造装置、FPD製造装置,公式資料で事業境界、主要顧客、価値提案、収益源を確認し、このテンプレート初期案を事業固有のBMCへ更新する
9,8411,みずほフィナンシャルグループ,銀行業,1,8411-01-business,リテール・事業法人,template_only,公式セグメントまたは主要事業を起点にした深掘り候補,https://www.mizuho-fg.co.jp/investors/ | 有価証券報告書 | 決算説明資料 | 統合報告書または中期経営計画 | 事業別ページまたは製品/サービスページ,business_bmcs/8411/8411-01-business.md,images/business_bmcs/8411/8411-01-business.png,テンプレート初期案。同一企業内で同じ原型BMCを共有する候補が4件あります: リテール・事業法人、コーポレート&インベストメントバンキング、グローバルコーポレート&インベストメントバンキング、アセットマネジメント。公式資料で事業別に再調査してください。,2026-06-11,template_only,4,リテール・事業法人、コーポレート&インベストメントバンキング、グローバルコーポレート&インベストメントバンキング、アセットマネジメント,公式資料で事業境界、主要顧客、価値提案、収益源を確認し、このテンプレート初期案を事業固有のBMCへ更新する
9,8411,みずほフィナンシャルグループ,銀行業,2,8411-02-business,コーポレート&インベストメントバンキング,template_only,公式セグメントまたは主要事業を起点にした深掘り候補,https://www.mizuho-fg.co.jp/investors/ | 有価証券報告書 | 決算説明資料 | 統合報告書または中期経営計画 | 事業別ページまたは製品/サービスページ,business_bmcs/8411/8411-02-business.md,images/business_bmcs/8411/8411-02-business.png,テンプレート初期案。同一企業内で同じ原型BMCを共有する候補が4件あります: リテール・事業法人、コーポレート&インベストメントバンキング、グローバルコーポレート&インベストメントバンキング、アセットマネジメント。公式資料で事業別に再調査してください。,2026-06-11,template_only,4,リテール・事業法人、コーポレート&インベストメントバンキング、グローバルコーポレート&インベストメントバンキング、アセットマネジメント,公式資料で事業境界、主要顧客、価値提案、収益源を確認し、このテンプレート初期案を事業固有のBMCへ更新する
9,8411,みずほフィナンシャルグループ,銀行業,3,8411-03-business,グローバルコーポレート&インベストメントバンキング,template_only,公式セグメントまたは主要事業を起点にした深掘り候補,https://www.mizuho-fg.co.jp/investors/ | 有価証券報告書 | 決算説明資料 | 統合報告書または中期経営計画 | 事業別ページまたは製品/サービスページ,business_bmcs/8411/8411-03-business.md,images/business_bmcs/8411/8411-03-business.png,テンプレート初期案。同一企業内で同じ原型BMCを共有する候補が4件あります: リテール・事業法人、コーポレート&インベストメントバンキング、グローバルコーポレート&インベストメントバンキング、アセットマネジメント。公式資料で事業別に再調査してください。,2026-06-11,template_only,4,リテール・事業法人、コーポレート&インベストメントバンキング、グローバルコーポレート&インベストメントバンキング、アセットマネジメント,公式資料で事業境界、主要顧客、価値提案、収益源を確認し、このテンプレート初期案を事業固有のBMCへ更新する
9,8411,みずほフィナンシャルグループ,銀行業,4,8411-04-business,アセットマネジメント,template_only,公式セグメントまたは主要事業を起点にした深掘り候補,https://www.mizuho-fg.co.jp/investors/ | 有価証券報告書 | 決算説明資料 | 統合報告書または中期経営計画 | 事業別ページまたは製品/サービスページ,business_bmcs/8411/8411-04-business.md,images/business_bmcs/8411/8411-04-business.png,テンプレート初期案。同一企業内で同じ原型BMCを共有する候補が4件あります: リテール・事業法人、コーポレート&インベストメントバンキング、グローバルコーポレート&インベストメントバンキング、アセットマネジメント。公式資料で事業別に再調査してください。,2026-06-11,template_only,4,リテール・事業法人、コーポレート&インベストメントバンキング、グローバルコーポレート&インベストメントバンキング、アセットマネジメント,公式資料で事業境界、主要顧客、価値提案、収益源を確認し、このテンプレート初期案を事業固有のBMCへ更新する
9,8411,みずほフィナンシャルグループ,銀行業,5,8411-05-business,市場,template_only,公式セグメントまたは主要事業を起点にした深掘り候補,https://www.mizuho-fg.co.jp/investors/ | 有価証券報告書 | 決算説明資料 | 統合報告書または中期経営計画 | 事業別ページまたは製品/サービスページ,business_bmcs/8411/8411-05-business.md,images/business_bmcs/8411/8411-05-business.png,テンプレート初期案。公式資料で事業境界、KPI、根拠URLを確認し、事業固有の記述へ更新してください。,2026-06-11,template_only,1,市場,公式資料で事業境界、主要顧客、価値提案、収益源を確認し、このテンプレート初期案を事業固有のBMCへ更新する
10,8031,三井物産,卸売業,1,8031-01-business,金属資源,template_only,公式セグメントまたは主要事業を起点にした深掘り候補,https://www.mitsui.com/jp/ja/ir/ | 有価証券報告書 | 決算説明資料 | 統合報告書または中期経営計画 | 事業別ページまたは製品/サービスページ,business_bmcs/8031/8031-01-business.md,images/business_bmcs/8031/8031-01-business.png,テンプレート初期案。同一企業内で同じ原型BMCを共有する候補が4件あります: 金属資源、エネルギー、化学品、生活産業。公式資料で事業別に再調査してください。,2026-06-11,template_only,4,金属資源、エネルギー、化学品、生活産業,公式資料で事業境界、主要顧客、価値提案、収益源を確認し、このテンプレート初期案を事業固有のBMCへ更新する
10,8031,三井物産,卸売業,2,8031-02-business,エネルギー,template_only,公式セグメントまたは主要事業を起点にした深掘り候補,https://www.mitsui.com/jp/ja/ir/ | 有価証券報告書 | 決算説明資料 | 統合報告書または中期経営計画 | 事業別ページまたは製品/サービスページ,business_bmcs/8031/8031-02-business.md,images/business_bmcs/8031/8031-02-business.png,テンプレート初期案。同一企業内で同じ原型BMCを共有する候補が4件あります: 金属資源、エネルギー、化学品、生活産業。公式資料で事業別に再調査してください。,2026-06-11,template_only,4,金属資源、エネルギー、化学品、生活産業,公式資料で事業境界、主要顧客、価値提案、収益源を確認し、このテンプレート初期案を事業固有のBMCへ更新する
10,8031,三井物産,卸売業,3,8031-03-business,機械・インフラ,template_only,公式セグメントまたは主要事業を起点にした深掘り候補,https://www.mitsui.com/jp/ja/ir/ | 有価証券報告書 | 決算説明資料 | 統合報告書または中期経営計画 | 事業別ページまたは製品/サービスページ,business_bmcs/8031/8031-03-business.md,images/business_bmcs/8031/8031-03-business.png,テンプレート初期案。公式資料で事業境界、KPI、根拠URLを確認し、事業固有の記述へ更新してください。,2026-06-11,template_only,1,機械・インフラ,公式資料で事業境界、主要顧客、価値提案、収益源を確認し、このテンプレート初期案を事業固有のBMCへ更新する
10,8031,三井物産,卸売業,4,8031-04-business,化学品,template_only,公式セグメントまたは主要事業を起点にした深掘り候補,https://www.mitsui.com/jp/ja/ir/ | 有価証券報告書 | 決算説明資料 | 統合報告書または中期経営計画 | 事業別ページまたは製品/サービスページ,business_bmcs/8031/8031-04-business.md,images/business_bmcs/8031/8031-04-business.png,テンプレート初期案。同一企業内で同じ原型BMCを共有する候補が4件あります: 金属資源、エネルギー、化学品、生活産業。公式資料で事業別に再調査してください。,2026-06-11,template_only,4,金属資源、エネルギー、化学品、生活産業,公式資料で事業境界、主要顧客、価値提案、収益源を確認し、このテンプレート初期案を事業固有のBMCへ更新する
10,8031,三井物産,卸売業,5,8031-05-business,鉄鋼製品,template_only,公式セグメントまたは主要事業を起点にした深掘り候補,https://www.mitsui.com/jp/ja/ir/ | 有価証券報告書 | 決算説明資料 | 統合報告書または中期経営計画 | 事業別ページまたは製品/サービスページ,business_bmcs/8031/8031-05-business.md,images/business_bmcs/8031/8031-05-business.png,テンプレート初期案。同一企業内で同じ原型BMCを共有する候補が2件あります: 鉄鋼製品、次世代・機能推進。公式資料で事業別に再調査してください。,2026-06-11,template_only,2,鉄鋼製品、次世代・機能推進,公式資料で事業境界、主要顧客、価値提案、収益源を確認し、このテンプレート初期案を事業固有のBMCへ更新する
10,8031,三井物産,卸売業,6,8031-06-business,生活産業,template_only,公式セグメントまたは主要事業を起点にした深掘り候補,https://www.mitsui.com/jp/ja/ir/ | 有価証券報告書 | 決算説明資料 | 統合報告書または中期経営計画 | 事業別ページまたは製品/サービスページ,business_bmcs/8031/8031-06-business.md,images/business_bmcs/8031/8031-06-business.png,テンプレート初期案。同一企業内で同じ原型BMCを共有する候補が4件あります: 金属資源、エネルギー、化学品、生活産業。公式資料で事業別に再調査してください。,2026-06-11,template_only,4,金属資源、エネルギー、化学品、生活産業,公式資料で事業境界、主要顧客、価値提案、収益源を確認し、このテンプレート初期案を事業固有のBMCへ更新する
10,8031,三井物産,卸売業,7,8031-07-business,次世代・機能推進,template_only,公式セグメントまたは主要事業を起点にした深掘り候補,https://www.mitsui.com/jp/ja/ir/ | 有価証券報告書 | 決算説明資料 | 統合報告書または中期経営計画 | 事業別ページまたは製品/サービスページ,business_bmcs/8031/8031-07-business.md,images/business_bmcs/8031/8031-07-business.png,テンプレート初期案。同一企業内で同じ原型BMCを共有する候補が2件あります: 鉄鋼製品、次世代・機能推進。公式資料で事業別に再調査してください。,2026-06-11,template_only,2,鉄鋼製品、次世代・機能推進,公式資料で事業境界、主要顧客、価値提案、収益源を確認し、このテンプレート初期案を事業固有のBMCへ更新する
11,7011,三菱重工業,機械,1,7011-01-business,エナジー,template_only,公式セグメントまたは主要事業を起点にした深掘り候補,https://www.mhi.com/jp/finance/ | 有価証券報告書 | 決算説明資料 | 統合報告書または中期経営計画 | 事業別ページまたは製品/サービスページ,business_bmcs/7011/7011-01-business.md,images/business_bmcs/7011/7011-01-business.png,テンプレート初期案。同一企業内で同じ原型BMCを共有する候補が4件あります: エナジー、プラント・インフラ、物流・冷熱・ドライブシステム、航空・防衛・宇宙。公式資料で事業別に再調査してください。,2026-06-11,template_only,4,エナジー、プラント・インフラ、物流・冷熱・ドライブシステム、航空・防衛・宇宙,公式資料で事業境界、主要顧客、価値提案、収益源を確認し、このテンプレート初期案を事業固有のBMCへ更新する
11,7011,三菱重工業,機械,2,7011-02-business,プラント・インフラ,template_only,公式セグメントまたは主要事業を起点にした深掘り候補,https://www.mhi.com/jp/finance/ | 有価証券報告書 | 決算説明資料 | 統合報告書または中期経営計画 | 事業別ページまたは製品/サービスページ,business_bmcs/7011/7011-02-business.md,images/business_bmcs/7011/7011-02-business.png,テンプレート初期案。同一企業内で同じ原型BMCを共有する候補が4件あります: エナジー、プラント・インフラ、物流・冷熱・ドライブシステム、航空・防衛・宇宙。公式資料で事業別に再調査してください。,2026-06-11,template_only,4,エナジー、プラント・インフラ、物流・冷熱・ドライブシステム、航空・防衛・宇宙,公式資料で事業境界、主要顧客、価値提案、収益源を確認し、このテンプレート初期案を事業固有のBMCへ更新する
11,7011,三菱重工業,機械,3,7011-03-business,物流・冷熱・ドライブシステム,template_only,公式セグメントまたは主要事業を起点にした深掘り候補,https://www.mhi.com/jp/finance/ | 有価証券報告書 | 決算説明資料 | 統合報告書または中期経営計画 | 事業別ページまたは製品/サービスページ,business_bmcs/7011/7011-03-business.md,images/business_bmcs/7011/7011-03-business.png,テンプレート初期案。同一企業内で同じ原型BMCを共有する候補が4件あります: エナジー、プラント・インフラ、物流・冷熱・ドライブシステム、航空・防衛・宇宙。公式資料で事業別に再調査してください。,2026-06-11,template_only,4,エナジー、プラント・インフラ、物流・冷熱・ドライブシステム、航空・防衛・宇宙,公式資料で事業境界、主要顧客、価値提案、収益源を確認し、このテンプレート初期案を事業固有のBMCへ更新する
11,7011,三菱重工業,機械,4,7011-04-business,航空・防衛・宇宙,template_only,公式セグメントまたは主要事業を起点にした深掘り候補,https://www.mhi.com/jp/finance/ | 有価証券報告書 | 決算説明資料 | 統合報告書または中期経営計画 | 事業別ページまたは製品/サービスページ,business_bmcs/7011/7011-04-business.md,images/business_bmcs/7011/7011-04-business.png,テンプレート初期案。同一企業内で同じ原型BMCを共有する候補が4件あります: エナジー、プラント・インフラ、物流・冷熱・ドライブシステム、航空・防衛・宇宙。公式資料で事業別に再調査してください。,2026-06-11,template_only,4,エナジー、プラント・インフラ、物流・冷熱・ドライブシステム、航空・防衛・宇宙,公式資料で事業境界、主要顧客、価値提案、収益源を確認し、このテンプレート初期案を事業固有のBMCへ更新する
12,6857,アドバンテスト,電気機器,1,6857-01-business,半導体・部品テストシステム,template_only,公式セグメントまたは主要事業を起点にした深掘り候補,https://www.advantest.com/ja/investors/ | 有価証券報告書 | 決算説明資料 | 統合報告書または中期経営計画 | 事業別ページまたは製品/サービスページ,business_bmcs/6857/6857-01-business.md,images/business_bmcs/6857/6857-01-business.png,テンプレート初期案。同一企業内で同じ原型BMCを共有する候補が3件あります: 半導体・部品テストシステム、メカトロニクス関連、サービス他。公式資料で事業別に再調査してください。,2026-06-11,template_only,3,半導体・部品テストシステム、メカトロニクス関連、サービス他,公式資料で事業境界、主要顧客、価値提案、収益源を確認し、このテンプレート初期案を事業固有のBMCへ更新する
12,6857,アドバンテスト,電気機器,2,6857-02-business,メカトロニクス関連,template_only,公式セグメントまたは主要事業を起点にした深掘り候補,https://www.advantest.com/ja/investors/ | 有価証券報告書 | 決算説明資料 | 統合報告書または中期経営計画 | 事業別ページまたは製品/サービスページ,business_bmcs/6857/6857-02-business.md,images/business_bmcs/6857/6857-02-business.png,テンプレート初期案。同一企業内で同じ原型BMCを共有する候補が3件あります: 半導体・部品テストシステム、メカトロニクス関連、サービス他。公式資料で事業別に再調査してください。,2026-06-11,template_only,3,半導体・部品テストシステム、メカトロニクス関連、サービス他,公式資料で事業境界、主要顧客、価値提案、収益源を確認し、このテンプレート初期案を事業固有のBMCへ更新する
12,6857,アドバンテスト,電気機器,3,6857-03-business,サービス他,template_only,公式セグメントまたは主要事業を起点にした深掘り候補,https://www.advantest.com/ja/investors/ | 有価証券報告書 | 決算説明資料 | 統合報告書または中期経営計画 | 事業別ページまたは製品/サービスページ,business_bmcs/6857/6857-03-business.md,images/business_bmcs/6857/6857-03-business.png,テンプレート初期案。同一企業内で同じ原型BMCを共有する候補が3件あります: 半導体・部品テストシステム、メカトロニクス関連、サービス他。公式資料で事業別に再調査してください。,2026-06-11,template_only,3,半導体・部品テストシステム、メカトロニクス関連、サービス他,公式資料で事業境界、主要顧客、価値提案、収益源を確認し、このテンプレート初期案を事業固有のBMCへ更新する
13,8766,東京海上ホールディングス,保険業,1,8766-01-business,国内損害保険,template_only,公式セグメントまたは主要事業を起点にした深掘り候補,https://www.tokiomarinehd.com/ir/ | 有価証券報告書 | 決算説明資料 | 統合報告書または中期経営計画 | 事業別ページまたは製品/サービスページ,business_bmcs/8766/8766-01-business.md,images/business_bmcs/8766/8766-01-business.png,テンプレート初期案。同一企業内で同じ原型BMCを共有する候補が2件あります: 国内損害保険、国内生命保険。公式資料で事業別に再調査してください。,2026-06-11,template_only,2,国内損害保険、国内生命保険,公式資料で事業境界、主要顧客、価値提案、収益源を確認し、このテンプレート初期案を事業固有のBMCへ更新する
13,8766,東京海上ホールディングス,保険業,2,8766-02-business,国内生命保険,template_only,公式セグメントまたは主要事業を起点にした深掘り候補,https://www.tokiomarinehd.com/ir/ | 有価証券報告書 | 決算説明資料 | 統合報告書または中期経営計画 | 事業別ページまたは製品/サービスページ,business_bmcs/8766/8766-02-business.md,images/business_bmcs/8766/8766-02-business.png,テンプレート初期案。同一企業内で同じ原型BMCを共有する候補が2件あります: 国内損害保険、国内生命保険。公式資料で事業別に再調査してください。,2026-06-11,template_only,2,国内損害保険、国内生命保険,公式資料で事業境界、主要顧客、価値提案、収益源を確認し、このテンプレート初期案を事業固有のBMCへ更新する
13,8766,東京海上ホールディングス,保険業,3,8766-03-business,海外保険,template_only,公式セグメントまたは主要事業を起点にした深掘り候補,https://www.tokiomarinehd.com/ir/ | 有価証券報告書 | 決算説明資料 | 統合報告書または中期経営計画 | 事業別ページまたは製品/サービスページ,business_bmcs/8766/8766-03-business.md,images/business_bmcs/8766/8766-03-business.png,テンプレート初期案。公式資料で事業境界、KPI、根拠URLを確認し、事業固有の記述へ更新してください。,2026-06-11,template_only,1,海外保険,公式資料で事業境界、主要顧客、価値提案、収益源を確認し、このテンプレート初期案を事業固有のBMCへ更新する
14,6861,キーエンス,電気機器,1,6861-01-fa,FAセンサ,template_only,公式セグメントまたは主要事業を起点にした深掘り候補,https://www.keyence.co.jp/investor/ | 有価証券報告書 | 決算説明資料 | 統合報告書または中期経営計画 | 事業別ページまたは製品/サービスページ,business_bmcs/6861/6861-01-fa.md,images/business_bmcs/6861/6861-01-fa.png,テンプレート初期案。公式資料で事業境界、KPI、根拠URLを確認し、事業固有の記述へ更新してください。,2026-06-11,template_only,1,FAセンサ,公式資料で事業境界、主要顧客、価値提案、収益源を確認し、このテンプレート初期案を事業固有のBMCへ更新する
14,6861,キーエンス,電気機器,2,6861-02-business,測定器,template_only,公式セグメントまたは主要事業を起点にした深掘り候補,https://www.keyence.co.jp/investor/ | 有価証券報告書 | 決算説明資料 | 統合報告書または中期経営計画 | 事業別ページまたは製品/サービスページ,business_bmcs/6861/6861-02-business.md,images/business_bmcs/6861/6861-02-business.png,テンプレート初期案。同一企業内で同じ原型BMCを共有する候補が3件あります: 測定器、画像処理、制御・レーザ関連機器。公式資料で事業別に再調査してください。,2026-06-11,template_only,3,測定器、画像処理、制御・レーザ関連機器,公式資料で事業境界、主要顧客、価値提案、収益源を確認し、このテンプレート初期案を事業固有のBMCへ更新する
14,6861,キーエンス,電気機器,3,6861-03-business,画像処理,template_only,公式セグメントまたは主要事業を起点にした深掘り候補,https://www.keyence.co.jp/investor/ | 有価証券報告書 | 決算説明資料 | 統合報告書または中期経営計画 | 事業別ページまたは製品/サービスページ,business_bmcs/6861/6861-03-business.md,images/business_bmcs/6861/6861-03-business.png,テンプレート初期案。同一企業内で同じ原型BMCを共有する候補が3件あります: 測定器、画像処理、制御・レーザ関連機器。公式資料で事業別に再調査してください。,2026-06-11,template_only,3,測定器、画像処理、制御・レーザ関連機器,公式資料で事業境界、主要顧客、価値提案、収益源を確認し、このテンプレート初期案を事業固有のBMCへ更新する
14,6861,キーエンス,電気機器,4,6861-04-business,制御・レーザ関連機器,template_only,公式セグメントまたは主要事業を起点にした深掘り候補,https://www.keyence.co.jp/investor/ | 有価証券報告書 | 決算説明資料 | 統合報告書または中期経営計画 | 事業別ページまたは製品/サービスページ,business_bmcs/6861/6861-04-business.md,images/business_bmcs/6861/6861-04-business.png,テンプレート初期案。同一企業内で同じ原型BMCを共有する候補が3件あります: 測定器、画像処理、制御・レーザ関連機器。公式資料で事業別に再調査してください。,2026-06-11,template_only,3,測定器、画像処理、制御・レーザ関連機器,公式資料で事業境界、主要顧客、価値提案、収益源を確認し、このテンプレート初期案を事業固有のBMCへ更新する
15,6503,三菱電機,電気機器,1,6503-01-business,インフラ,template_only,公式セグメントまたは主要事業を起点にした深掘り候補,https://www.mitsubishielectric.co.jp/investors/ | 有価証券報告書 | 決算説明資料 | 統合報告書または中期経営計画 | 事業別ページまたは製品/サービスページ,business_bmcs/6503/6503-01-business.md,images/business_bmcs/6503/6503-01-business.png,テンプレート初期案。公式資料で事業境界、KPI、根拠URLを確認し、事業固有の記述へ更新してください。,2026-06-11,template_only,1,インフラ,公式資料で事業境界、主要顧客、価値提案、収益源を確認し、このテンプレート初期案を事業固有のBMCへ更新する
15,6503,三菱電機,電気機器,2,6503-02-business,インダストリー・モビリティ,template_only,公式セグメントまたは主要事業を起点にした深掘り候補,https://www.mitsubishielectric.co.jp/investors/ | 有価証券報告書 | 決算説明資料 | 統合報告書または中期経営計画 | 事業別ページまたは製品/サービスページ,business_bmcs/6503/6503-02-business.md,images/business_bmcs/6503/6503-02-business.png,テンプレート初期案。公式資料で事業境界、KPI、根拠URLを確認し、事業固有の記述へ更新してください。,2026-06-11,template_only,1,インダストリー・モビリティ,公式資料で事業境界、主要顧客、価値提案、収益源を確認し、このテンプレート初期案を事業固有のBMCへ更新する
15,6503,三菱電機,電気機器,3,6503-03-business,ライフ,template_only,公式セグメントまたは主要事業を起点にした深掘り候補,https://www.mitsubishielectric.co.jp/investors/ | 有価証券報告書 | 決算説明資料 | 統合報告書または中期経営計画 | 事業別ページまたは製品/サービスページ,business_bmcs/6503/6503-03-business.md,images/business_bmcs/6503/6503-03-business.png,テンプレート初期案。公式資料で事業境界、KPI、根拠URLを確認し、事業固有の記述へ更新してください。,2026-06-11,template_only,1,ライフ,公式資料で事業境界、主要顧客、価値提案、収益源を確認し、このテンプレート初期案を事業固有のBMCへ更新する
15,6503,三菱電機,電気機器,4,6503-04-business,ビジネスプラットフォーム,template_only,公式セグメントまたは主要事業を起点にした深掘り候補,https://www.mitsubishielectric.co.jp/investors/ | 有価証券報告書 | 決算説明資料 | 統合報告書または中期経営計画 | 事業別ページまたは製品/サービスページ,business_bmcs/6503/6503-04-business.md,images/business_bmcs/6503/6503-04-business.png,テンプレート初期案。公式資料で事業境界、KPI、根拠URLを確認し、事業固有の記述へ更新してください。,2026-06-11,template_only,1,ビジネスプラットフォーム,公式資料で事業境界、主要顧客、価値提案、収益源を確認し、このテンプレート初期案を事業固有のBMCへ更新する
15,6503,三菱電機,電気機器,5,6503-05-business,セミコンダクター・デバイス,template_only,公式セグメントまたは主要事業を起点にした深掘り候補,https://www.mitsubishielectric.co.jp/investors/ | 有価証券報告書 | 決算説明資料 | 統合報告書または中期経営計画 | 事業別ページまたは製品/サービスページ,business_bmcs/6503/6503-05-business.md,images/business_bmcs/6503/6503-05-business.png,テンプレート初期案。公式資料で事業境界、KPI、根拠URLを確認し、事業固有の記述へ更新してください。,2026-06-11,template_only,1,セミコンダクター・デバイス,公式資料で事業境界、主要顧客、価値提案、収益源を確認し、このテンプレート初期案を事業固有のBMCへ更新する
16,8001,伊藤忠商事,卸売業,1,8001-01-business,繊維,template_only,公式セグメントまたは主要事業を起点にした深掘り候補,https://www.itochu.co.jp/ja/ir/ | 有価証券報告書 | 決算説明資料 | 統合報告書または中期経営計画 | 事業別ページまたは製品/サービスページ,business_bmcs/8001/8001-01-business.md,images/business_bmcs/8001/8001-01-business.png,テンプレート初期案。同一企業内で同じ原型BMCを共有する候補が4件あります: 繊維、住生活、情報・金融、第8。公式資料で事業別に再調査してください。,2026-06-11,template_only,4,繊維、住生活、情報・金融、第8,公式資料で事業境界、主要顧客、価値提案、収益源を確認し、このテンプレート初期案を事業固有のBMCへ更新する
16,8001,伊藤忠商事,卸売業,2,8001-02-business,機械,template_only,公式セグメントまたは主要事業を起点にした深掘り候補,https://www.itochu.co.jp/ja/ir/ | 有価証券報告書 | 決算説明資料 | 統合報告書または中期経営計画 | 事業別ページまたは製品/サービスページ,business_bmcs/8001/8001-02-business.md,images/business_bmcs/8001/8001-02-business.png,テンプレート初期案。公式資料で事業境界、KPI、根拠URLを確認し、事業固有の記述へ更新してください。,2026-06-11,template_only,1,機械,公式資料で事業境界、主要顧客、価値提案、収益源を確認し、このテンプレート初期案を事業固有のBMCへ更新する
16,8001,伊藤忠商事,卸売業,3,8001-03-business,金属,template_only,公式セグメントまたは主要事業を起点にした深掘り候補,https://www.itochu.co.jp/ja/ir/ | 有価証券報告書 | 決算説明資料 | 統合報告書または中期経営計画 | 事業別ページまたは製品/サービスページ,business_bmcs/8001/8001-03-business.md,images/business_bmcs/8001/8001-03-business.png,テンプレート初期案。同一企業内で同じ原型BMCを共有する候補が3件あります: 金属、エネルギー・化学品、食料。公式資料で事業別に再調査してください。,2026-06-11,template_only,3,金属、エネルギー・化学品、食料,公式資料で事業境界、主要顧客、価値提案、収益源を確認し、このテンプレート初期案を事業固有のBMCへ更新する
16,8001,伊藤忠商事,卸売業,4,8001-04-business,エネルギー・化学品,template_only,公式セグメントまたは主要事業を起点にした深掘り候補,https://www.itochu.co.jp/ja/ir/ | 有価証券報告書 | 決算説明資料 | 統合報告書または中期経営計画 | 事業別ページまたは製品/サービスページ,business_bmcs/8001/8001-04-business.md,images/business_bmcs/8001/8001-04-business.png,テンプレート初期案。同一企業内で同じ原型BMCを共有する候補が3件あります: 金属、エネルギー・化学品、食料。公式資料で事業別に再調査してください。,2026-06-11,template_only,3,金属、エネルギー・化学品、食料,公式資料で事業境界、主要顧客、価値提案、収益源を確認し、このテンプレート初期案を事業固有のBMCへ更新する
16,8001,伊藤忠商事,卸売業,5,8001-05-business,食料,template_only,公式セグメントまたは主要事業を起点にした深掘り候補,https://www.itochu.co.jp/ja/ir/ | 有価証券報告書 | 決算説明資料 | 統合報告書または中期経営計画 | 事業別ページまたは製品/サービスページ,business_bmcs/8001/8001-05-business.md,images/business_bmcs/8001/8001-05-business.png,テンプレート初期案。同一企業内で同じ原型BMCを共有する候補が3件あります: 金属、エネルギー・化学品、食料。公式資料で事業別に再調査してください。,2026-06-11,template_only,3,金属、エネルギー・化学品、食料,公式資料で事業境界、主要顧客、価値提案、収益源を確認し、このテンプレート初期案を事業固有のBMCへ更新する
16,8001,伊藤忠商事,卸売業,6,8001-06-business,住生活,template_only,公式セグメントまたは主要事業を起点にした深掘り候補,https://www.itochu.co.jp/ja/ir/ | 有価証券報告書 | 決算説明資料 | 統合報告書または中期経営計画 | 事業別ページまたは製品/サービスページ,business_bmcs/8001/8001-06-business.md,images/business_bmcs/8001/8001-06-business.png,テンプレート初期案。同一企業内で同じ原型BMCを共有する候補が4件あります: 繊維、住生活、情報・金融、第8。公式資料で事業別に再調査してください。,2026-06-11,template_only,4,繊維、住生活、情報・金融、第8,公式資料で事業境界、主要顧客、価値提案、収益源を確認し、このテンプレート初期案を事業固有のBMCへ更新する
16,8001,伊藤忠商事,卸売業,7,8001-07-business,情報・金融,template_only,公式セグメントまたは主要事業を起点にした深掘り候補,https://www.itochu.co.jp/ja/ir/ | 有価証券報告書 | 決算説明資料 | 統合報告書または中期経営計画 | 事業別ページまたは製品/サービスページ,business_bmcs/8001/8001-07-business.md,images/business_bmcs/8001/8001-07-business.png,テンプレート初期案。同一企業内で同じ原型BMCを共有する候補が4件あります: 繊維、住生活、情報・金融、第8。公式資料で事業別に再調査してください。,2026-06-11,template_only,4,繊維、住生活、情報・金融、第8,公式資料で事業境界、主要顧客、価値提案、収益源を確認し、このテンプレート初期案を事業固有のBMCへ更新する
16,8001,伊藤忠商事,卸売業,8,8001-08-8,第8,template_only,公式セグメントまたは主要事業を起点にした深掘り候補,https://www.itochu.co.jp/ja/ir/ | 有価証券報告書 | 決算説明資料 | 統合報告書または中期経営計画 | 事業別ページまたは製品/サービスページ,business_bmcs/8001/8001-08-8.md,images/business_bmcs/8001/8001-08-8.png,テンプレート初期案。同一企業内で同じ原型BMCを共有する候補が4件あります: 繊維、住生活、情報・金融、第8。公式資料で事業別に再調査してください。,2026-06-11,template_only,4,繊維、住生活、情報・金融、第8,公式資料で事業境界、主要顧客、価値提案、収益源を確認し、このテンプレート初期案を事業固有のBMCへ更新する
17,4063,信越化学工業,化学,1,4063-01-business,生活環境基盤材料,template_only,公式セグメントまたは主要事業を起点にした深掘り候補,https://www.shinetsu.co.jp/jp/ir/ | 有価証券報告書 | 決算説明資料 | 統合報告書または中期経営計画 | 事業別ページまたは製品/サービスページ,business_bmcs/4063/4063-01-business.md,images/business_bmcs/4063/4063-01-business.png,テンプレート初期案。同一企業内で同じ原型BMCを共有する候補が2件あります: 生活環境基盤材料、加工・商事・技術サービス。公式資料で事業別に再調査してください。,2026-06-11,template_only,2,生活環境基盤材料、加工・商事・技術サービス,公式資料で事業境界、主要顧客、価値提案、収益源を確認し、このテンプレート初期案を事業固有のBMCへ更新する
17,4063,信越化学工業,化学,2,4063-02-business,電子材料,template_only,公式セグメントまたは主要事業を起点にした深掘り候補,https://www.shinetsu.co.jp/jp/ir/ | 有価証券報告書 | 決算説明資料 | 統合報告書または中期経営計画 | 事業別ページまたは製品/サービスページ,business_bmcs/4063/4063-02-business.md,images/business_bmcs/4063/4063-02-business.png,テンプレート初期案。公式資料で事業境界、KPI、根拠URLを確認し、事業固有の記述へ更新してください。,2026-06-11,template_only,1,電子材料,公式資料で事業境界、主要顧客、価値提案、収益源を確認し、このテンプレート初期案を事業固有のBMCへ更新する
17,4063,信越化学工業,化学,3,4063-03-business,機能材料,template_only,公式セグメントまたは主要事業を起点にした深掘り候補,https://www.shinetsu.co.jp/jp/ir/ | 有価証券報告書 | 決算説明資料 | 統合報告書または中期経営計画 | 事業別ページまたは製品/サービスページ,business_bmcs/4063/4063-03-business.md,images/business_bmcs/4063/4063-03-business.png,テンプレート初期案。公式資料で事業境界、KPI、根拠URLを確認し、事業固有の記述へ更新してください。,2026-06-11,template_only,1,機能材料,公式資料で事業境界、主要顧客、価値提案、収益源を確認し、このテンプレート初期案を事業固有のBMCへ更新する
17,4063,信越化学工業,化学,4,4063-04-business,加工・商事・技術サービス,template_only,公式セグメントまたは主要事業を起点にした深掘り候補,https://www.shinetsu.co.jp/jp/ir/ | 有価証券報告書 | 決算説明資料 | 統合報告書または中期経営計画 | 事業別ページまたは製品/サービスページ,business_bmcs/4063/4063-04-business.md,images/business_bmcs/4063/4063-04-business.png,テンプレート初期案。同一企業内で同じ原型BMCを共有する候補が2件あります: 生活環境基盤材料、加工・商事・技術サービス。公式資料で事業別に再調査してください。,2026-06-11,template_only,2,生活環境基盤材料、加工・商事・技術サービス,公式資料で事業境界、主要顧客、価値提案、収益源を確認し、このテンプレート初期案を事業固有のBMCへ更新する
18,7741,HOYA,精密機器,1,7741-01-business,ライフケア,template_only,公式セグメントまたは主要事業を起点にした深掘り候補,https://www.hoya.com/ir/ | 有価証券報告書 | 決算説明資料 | 統合報告書または中期経営計画 | 事業別ページまたは製品/サービスページ,business_bmcs/7741/7741-01-business.md,images/business_bmcs/7741/7741-01-business.png,テンプレート初期案。公式資料で事業境界、KPI、根拠URLを確認し、事業固有の記述へ更新してください。,2026-06-11,template_only,1,ライフケア,公式資料で事業境界、主要顧客、価値提案、収益源を確認し、このテンプレート初期案を事業固有のBMCへ更新する
18,7741,HOYA,精密機器,2,7741-02-business,情報・通信,template_only,公式セグメントまたは主要事業を起点にした深掘り候補,https://www.hoya.com/ir/ | 有価証券報告書 | 決算説明資料 | 統合報告書または中期経営計画 | 事業別ページまたは製品/サービスページ,business_bmcs/7741/7741-02-business.md,images/business_bmcs/7741/7741-02-business.png,テンプレート初期案。公式資料で事業境界、KPI、根拠URLを確認し、事業固有の記述へ更新してください。,2026-06-11,template_only,1,情報・通信,公式資料で事業境界、主要顧客、価値提案、収益源を確認し、このテンプレート初期案を事業固有のBMCへ更新する
19,9983,ファーストリテイリング,小売業,1,9983-01-business,国内ユニクロ,template_only,公式セグメントまたは主要事業を起点にした深掘り候補,https://www.fastretailing.com/jp/ir/ | 有価証券報告書 | 決算説明資料 | 統合報告書または中期経営計画 | 事業別ページまたは製品/サービスページ,business_bmcs/9983/9983-01-business.md,images/business_bmcs/9983/9983-01-business.png,テンプレート初期案。同一企業内で同じ原型BMCを共有する候補が4件あります: 国内ユニクロ、海外ユニクロ、ジーユー、グローバルブランド。公式資料で事業別に再調査してください。,2026-06-11,template_only,4,国内ユニクロ、海外ユニクロ、ジーユー、グローバルブランド,公式資料で事業境界、主要顧客、価値提案、収益源を確認し、このテンプレート初期案を事業固有のBMCへ更新する
19,9983,ファーストリテイリング,小売業,2,9983-02-business,海外ユニクロ,template_only,公式セグメントまたは主要事業を起点にした深掘り候補,https://www.fastretailing.com/jp/ir/ | 有価証券報告書 | 決算説明資料 | 統合報告書または中期経営計画 | 事業別ページまたは製品/サービスページ,business_bmcs/9983/9983-02-business.md,images/business_bmcs/9983/9983-02-business.png,テンプレート初期案。同一企業内で同じ原型BMCを共有する候補が4件あります: 国内ユニクロ、海外ユニクロ、ジーユー、グローバルブランド。公式資料で事業別に再調査してください。,2026-06-11,template_only,4,国内ユニクロ、海外ユニクロ、ジーユー、グローバルブランド,公式資料で事業境界、主要顧客、価値提案、収益源を確認し、このテンプレート初期案を事業固有のBMCへ更新する
19,9983,ファーストリテイリング,小売業,3,9983-03-business,ジーユー,template_only,公式セグメントまたは主要事業を起点にした深掘り候補,https://www.fastretailing.com/jp/ir/ | 有価証券報告書 | 決算説明資料 | 統合報告書または中期経営計画 | 事業別ページまたは製品/サービスページ,business_bmcs/9983/9983-03-business.md,images/business_bmcs/9983/9983-03-business.png,テンプレート初期案。同一企業内で同じ原型BMCを共有する候補が4件あります: 国内ユニクロ、海外ユニクロ、ジーユー、グローバルブランド。公式資料で事業別に再調査してください。,2026-06-11,template_only,4,国内ユニクロ、海外ユニクロ、ジーユー、グローバルブランド,公式資料で事業境界、主要顧客、価値提案、収益源を確認し、このテンプレート初期案を事業固有のBMCへ更新する
19,9983,ファーストリテイリング,小売業,4,9983-04-business,グローバルブランド,template_only,公式セグメントまたは主要事業を起点にした深掘り候補,https://www.fastretailing.com/jp/ir/ | 有価証券報告書 | 決算説明資料 | 統合報告書または中期経営計画 | 事業別ページまたは製品/サービスページ,business_bmcs/9983/9983-04-business.md,images/business_bmcs/9983/9983-04-business.png,テンプレート初期案。同一企業内で同じ原型BMCを共有する候補が4件あります: 国内ユニクロ、海外ユニクロ、ジーユー、グローバルブランド。公式資料で事業別に再調査してください。,2026-06-11,template_only,4,国内ユニクロ、海外ユニクロ、ジーユー、グローバルブランド,公式資料で事業境界、主要顧客、価値提案、収益源を確認し、このテンプレート初期案を事業固有のBMCへ更新する
20,6098,リクルートホールディングス,サービス業,1,6098-01-hr,HRテクノロジー,template_only,公式セグメントまたは主要事業を起点にした深掘り候補,https://recruit-holdings.com/ja/ir/ | 有価証券報告書 | 決算説明資料 | 統合報告書または中期経営計画 | 事業別ページまたは製品/サービスページ,business_bmcs/6098/6098-01-hr.md,images/business_bmcs/6098/6098-01-hr.png,テンプレート初期案。同一企業内で同じ原型BMCを共有する候補が2件あります: HRテクノロジー、マッチング&ソリューション。公式資料で事業別に再調査してください。,2026-06-11,template_only,2,HRテクノロジー、マッチング&ソリューション,公式資料で事業境界、主要顧客、価値提案、収益源を確認し、このテンプレート初期案を事業固有のBMCへ更新する
20,6098,リクルートホールディングス,サービス業,2,6098-02-business,マッチング&ソリューション,template_only,公式セグメントまたは主要事業を起点にした深掘り候補,https://recruit-holdings.com/ja/ir/ | 有価証券報告書 | 決算説明資料 | 統合報告書または中期経営計画 | 事業別ページまたは製品/サービスページ,business_bmcs/6098/6098-02-business.md,images/business_bmcs/6098/6098-02-business.png,テンプレート初期案。同一企業内で同じ原型BMCを共有する候補が2件あります: HRテクノロジー、マッチング&ソリューション。公式資料で事業別に再調査してください。,2026-06-11,template_only,2,HRテクノロジー、マッチング&ソリューション,公式資料で事業境界、主要顧客、価値提案、収益源を確認し、このテンプレート初期案を事業固有のBMCへ更新する
20,6098,リクルートホールディングス,サービス業,3,6098-03-business,人材派遣,template_only,公式セグメントまたは主要事業を起点にした深掘り候補,https://recruit-holdings.com/ja/ir/ | 有価証券報告書 | 決算説明資料 | 統合報告書または中期経営計画 | 事業別ページまたは製品/サービスページ,business_bmcs/6098/6098-03-business.md,images/business_bmcs/6098/6098-03-business.png,テンプレート初期案。公式資料で事業境界、KPI、根拠URLを確認し、事業固有の記述へ更新してください。,2026-06-11,template_only,1,人材派遣,公式資料で事業境界、主要顧客、価値提案、収益源を確認し、このテンプレート初期案を事業固有のBMCへ更新する
21,7974,任天堂,その他製品,1,7974-01-business,ゲーム専用機,template_only,公式セグメントまたは主要事業を起点にした深掘り候補,https://www.nintendo.co.jp/ir/ | 有価証券報告書 | 決算説明資料 | 統合報告書または中期経営計画 | 事業別ページまたは製品/サービスページ,business_bmcs/7974/7974-01-business.md,images/business_bmcs/7974/7974-01-business.png,テンプレート初期案。同一企業内で同じ原型BMCを共有する候補が2件あります: ゲーム専用機、モバイル・IP関連収入等。公式資料で事業別に再調査してください。,2026-06-11,template_only,2,ゲーム専用機、モバイル・IP関連収入等,公式資料で事業境界、主要顧客、価値提案、収益源を確認し、このテンプレート初期案を事業固有のBMCへ更新する
21,7974,任天堂,その他製品,2,7974-02-ip,モバイル・IP関連収入等,template_only,公式セグメントまたは主要事業を起点にした深掘り候補,https://www.nintendo.co.jp/ir/ | 有価証券報告書 | 決算説明資料 | 統合報告書または中期経営計画 | 事業別ページまたは製品/サービスページ,business_bmcs/7974/7974-02-ip.md,images/business_bmcs/7974/7974-02-ip.png,テンプレート初期案。同一企業内で同じ原型BMCを共有する候補が2件あります: ゲーム専用機、モバイル・IP関連収入等。公式資料で事業別に再調査してください。,2026-06-11,template_only,2,ゲーム専用機、モバイル・IP関連収入等,公式資料で事業境界、主要顧客、価値提案、収益源を確認し、このテンプレート初期案を事業固有のBMCへ更新する
22,4502,武田薬品工業,医薬品,1,4502-01-business,医療用医薬品,template_only,公式セグメントまたは主要事業を起点にした深掘り候補,https://www.takeda.com/jp/investors/overview/ | 有価証券報告書 | 決算説明資料 | 統合報告書または中期経営計画 | 事業別ページまたは製品/サービスページ,business_bmcs/4502/4502-01-business.md,images/business_bmcs/4502/4502-01-business.png,テンプレート初期案。公式資料で事業境界、KPI、根拠URLを確認し、事業固有の記述へ更新してください。,2026-06-11,template_only,1,医療用医薬品,公式資料で事業境界、主要顧客、価値提案、収益源を確認し、このテンプレート初期案を事業固有のBMCへ更新する
23,9432,NTT,情報・通信業,1,9432-01-ict,総合ICT,template_only,公式セグメントまたは主要事業を起点にした深掘り候補,https://group.ntt/jp/ir/ | 有価証券報告書 | 決算説明資料 | 統合報告書または中期経営計画 | 事業別ページまたは製品/サービスページ,business_bmcs/9432/9432-01-ict.md,images/business_bmcs/9432/9432-01-ict.png,テンプレート初期案。同一企業内で同じ原型BMCを共有する候補が4件あります: 総合ICT、地域通信、グローバル・ソリューション、その他。公式資料で事業別に再調査してください。,2026-06-11,template_only,4,総合ICT、地域通信、グローバル・ソリューション、その他,公式資料で事業境界、主要顧客、価値提案、収益源を確認し、このテンプレート初期案を事業固有のBMCへ更新する
23,9432,NTT,情報・通信業,2,9432-02-business,地域通信,template_only,公式セグメントまたは主要事業を起点にした深掘り候補,https://group.ntt/jp/ir/ | 有価証券報告書 | 決算説明資料 | 統合報告書または中期経営計画 | 事業別ページまたは製品/サービスページ,business_bmcs/9432/9432-02-business.md,images/business_bmcs/9432/9432-02-business.png,テンプレート初期案。同一企業内で同じ原型BMCを共有する候補が4件あります: 総合ICT、地域通信、グローバル・ソリューション、その他。公式資料で事業別に再調査してください。,2026-06-11,template_only,4,総合ICT、地域通信、グローバル・ソリューション、その他,公式資料で事業境界、主要顧客、価値提案、収益源を確認し、このテンプレート初期案を事業固有のBMCへ更新する
23,9432,NTT,情報・通信業,3,9432-03-business,グローバル・ソリューション,template_only,公式セグメントまたは主要事業を起点にした深掘り候補,https://group.ntt/jp/ir/ | 有価証券報告書 | 決算説明資料 | 統合報告書または中期経営計画 | 事業別ページまたは製品/サービスページ,business_bmcs/9432/9432-03-business.md,images/business_bmcs/9432/9432-03-business.png,テンプレート初期案。同一企業内で同じ原型BMCを共有する候補が4件あります: 総合ICT、地域通信、グローバル・ソリューション、その他。公式資料で事業別に再調査してください。,2026-06-11,template_only,4,総合ICT、地域通信、グローバル・ソリューション、その他,公式資料で事業境界、主要顧客、価値提案、収益源を確認し、このテンプレート初期案を事業固有のBMCへ更新する
23,9432,NTT,情報・通信業,4,9432-04-business,その他,template_only,公式セグメントまたは主要事業を起点にした深掘り候補,https://group.ntt/jp/ir/ | 有価証券報告書 | 決算説明資料 | 統合報告書または中期経営計画 | 事業別ページまたは製品/サービスページ,business_bmcs/9432/9432-04-business.md,images/business_bmcs/9432/9432-04-business.png,テンプレート初期案。同一企業内で同じ原型BMCを共有する候補が4件あります: 総合ICT、地域通信、グローバル・ソリューション、その他。公式資料で事業別に再調査してください。,2026-06-11,template_only,4,総合ICT、地域通信、グローバル・ソリューション、その他,公式資料で事業境界、主要顧客、価値提案、収益源を確認し、このテンプレート初期案を事業固有のBMCへ更新する
24,9433,KDDI,情報・通信業,1,9433-01-business,パーソナル,template_only,公式セグメントまたは主要事業を起点にした深掘り候補,https://www.kddi.com/corporate/ir/ | 有価証券報告書 | 決算説明資料 | 統合報告書または中期経営計画 | 事業別ページまたは製品/サービスページ,business_bmcs/9433/9433-01-business.md,images/business_bmcs/9433/9433-01-business.png,テンプレート初期案。同一企業内で同じ原型BMCを共有する候補が2件あります: パーソナル、ビジネス。公式資料で事業別に再調査してください。,2026-06-11,template_only,2,パーソナル、ビジネス,公式資料で事業境界、主要顧客、価値提案、収益源を確認し、このテンプレート初期案を事業固有のBMCへ更新する
24,9433,KDDI,情報・通信業,2,9433-02-business,ビジネス,template_only,公式セグメントまたは主要事業を起点にした深掘り候補,https://www.kddi.com/corporate/ir/ | 有価証券報告書 | 決算説明資料 | 統合報告書または中期経営計画 | 事業別ページまたは製品/サービスページ,business_bmcs/9433/9433-02-business.md,images/business_bmcs/9433/9433-02-business.png,テンプレート初期案。同一企業内で同じ原型BMCを共有する候補が2件あります: パーソナル、ビジネス。公式資料で事業別に再調査してください。,2026-06-11,template_only,2,パーソナル、ビジネス,公式資料で事業境界、主要顧客、価値提案、収益源を確認し、このテンプレート初期案を事業固有のBMCへ更新する
25,9434,ソフトバンク,情報・通信業,1,9434-01-business,コンシューマ,template_only,公式セグメントまたは主要事業を起点にした深掘り候補,https://www.softbank.jp/corp/ir/ | 有価証券報告書 | 決算説明資料 | 統合報告書または中期経営計画 | 事業別ページまたは製品/サービスページ,business_bmcs/9434/9434-01-business.md,images/business_bmcs/9434/9434-01-business.png,テンプレート初期案。同一企業内で同じ原型BMCを共有する候補が4件あります: コンシューマ、エンタープライズ、ディストリビューション、メディア・EC。公式資料で事業別に再調査してください。,2026-06-11,template_only,4,コンシューマ、エンタープライズ、ディストリビューション、メディア・EC,公式資料で事業境界、主要顧客、価値提案、収益源を確認し、このテンプレート初期案を事業固有のBMCへ更新する
25,9434,ソフトバンク,情報・通信業,2,9434-02-business,エンタープライズ,template_only,公式セグメントまたは主要事業を起点にした深掘り候補,https://www.softbank.jp/corp/ir/ | 有価証券報告書 | 決算説明資料 | 統合報告書または中期経営計画 | 事業別ページまたは製品/サービスページ,business_bmcs/9434/9434-02-business.md,images/business_bmcs/9434/9434-02-business.png,テンプレート初期案。同一企業内で同じ原型BMCを共有する候補が4件あります: コンシューマ、エンタープライズ、ディストリビューション、メディア・EC。公式資料で事業別に再調査してください。,2026-06-11,template_only,4,コンシューマ、エンタープライズ、ディストリビューション、メディア・EC,公式資料で事業境界、主要顧客、価値提案、収益源を確認し、このテンプレート初期案を事業固有のBMCへ更新する
25,9434,ソフトバンク,情報・通信業,3,9434-03-business,ディストリビューション,template_only,公式セグメントまたは主要事業を起点にした深掘り候補,https://www.softbank.jp/corp/ir/ | 有価証券報告書 | 決算説明資料 | 統合報告書または中期経営計画 | 事業別ページまたは製品/サービスページ,business_bmcs/9434/9434-03-business.md,images/business_bmcs/9434/9434-03-business.png,テンプレート初期案。同一企業内で同じ原型BMCを共有する候補が4件あります: コンシューマ、エンタープライズ、ディストリビューション、メディア・EC。公式資料で事業別に再調査してください。,2026-06-11,template_only,4,コンシューマ、エンタープライズ、ディストリビューション、メディア・EC,公式資料で事業境界、主要顧客、価値提案、収益源を確認し、このテンプレート初期案を事業固有のBMCへ更新する
25,9434,ソフトバンク,情報・通信業,4,9434-04-ec,メディア・EC,template_only,公式セグメントまたは主要事業を起点にした深掘り候補,https://www.softbank.jp/corp/ir/ | 有価証券報告書 | 決算説明資料 | 統合報告書または中期経営計画 | 事業別ページまたは製品/サービスページ,business_bmcs/9434/9434-04-ec.md,images/business_bmcs/9434/9434-04-ec.png,テンプレート初期案。同一企業内で同じ原型BMCを共有する候補が4件あります: コンシューマ、エンタープライズ、ディストリビューション、メディア・EC。公式資料で事業別に再調査してください。,2026-06-11,template_only,4,コンシューマ、エンタープライズ、ディストリビューション、メディア・EC,公式資料で事業境界、主要顧客、価値提案、収益源を確認し、このテンプレート初期案を事業固有のBMCへ更新する
25,9434,ソフトバンク,情報・通信業,5,9434-05-business,ファイナンス,template_only,公式セグメントまたは主要事業を起点にした深掘り候補,https://www.softbank.jp/corp/ir/ | 有価証券報告書 | 決算説明資料 | 統合報告書または中期経営計画 | 事業別ページまたは製品/サービスページ,business_bmcs/9434/9434-05-business.md,images/business_bmcs/9434/9434-05-business.png,テンプレート初期案。公式資料で事業境界、KPI、根拠URLを確認し、事業固有の記述へ更新してください。,2026-06-11,template_only,1,ファイナンス,公式資料で事業境界、主要顧客、価値提案、収益源を確認し、このテンプレート初期案を事業固有のBMCへ更新する
26,2914,日本たばこ産業,食料品,1,2914-01-business,たばこ,template_only,公式セグメントまたは主要事業を起点にした深掘り候補,https://www.jti.co.jp/investors/ | 有価証券報告書 | 決算説明資料 | 統合報告書または中期経営計画 | 事業別ページまたは製品/サービスページ,business_bmcs/2914/2914-01-business.md,images/business_bmcs/2914/2914-01-business.png,テンプレート初期案。同一企業内で同じ原型BMCを共有する候補が2件あります: たばこ、加工食品。公式資料で事業別に再調査してください。,2026-06-11,template_only,2,たばこ、加工食品,公式資料で事業境界、主要顧客、価値提案、収益源を確認し、このテンプレート初期案を事業固有のBMCへ更新する
26,2914,日本たばこ産業,食料品,2,2914-02-business,医薬,template_only,公式セグメントまたは主要事業を起点にした深掘り候補,https://www.jti.co.jp/investors/ | 有価証券報告書 | 決算説明資料 | 統合報告書または中期経営計画 | 事業別ページまたは製品/サービスページ,business_bmcs/2914/2914-02-business.md,images/business_bmcs/2914/2914-02-business.png,テンプレート初期案。公式資料で事業境界、KPI、根拠URLを確認し、事業固有の記述へ更新してください。,2026-06-11,template_only,1,医薬,公式資料で事業境界、主要顧客、価値提案、収益源を確認し、このテンプレート初期案を事業固有のBMCへ更新する
26,2914,日本たばこ産業,食料品,3,2914-03-business,加工食品,template_only,公式セグメントまたは主要事業を起点にした深掘り候補,https://www.jti.co.jp/investors/ | 有価証券報告書 | 決算説明資料 | 統合報告書または中期経営計画 | 事業別ページまたは製品/サービスページ,business_bmcs/2914/2914-03-business.md,images/business_bmcs/2914/2914-03-business.png,テンプレート初期案。同一企業内で同じ原型BMCを共有する候補が2件あります: たばこ、加工食品。公式資料で事業別に再調査してください。,2026-06-11,template_only,2,たばこ、加工食品,公式資料で事業境界、主要顧客、価値提案、収益源を確認し、このテンプレート初期案を事業固有のBMCへ更新する
27,6367,ダイキン工業,機械,1,6367-01-business,空調,template_only,公式セグメントまたは主要事業を起点にした深掘り候補,https://www.daikin.co.jp/investor/ | 有価証券報告書 | 決算説明資料 | 統合報告書または中期経営計画 | 事業別ページまたは製品/サービスページ,business_bmcs/6367/6367-01-business.md,images/business_bmcs/6367/6367-01-business.png,テンプレート初期案。同一企業内で同じ原型BMCを共有する候補が3件あります: 空調、化学、その他。公式資料で事業別に再調査してください。,2026-06-11,template_only,3,空調、化学、その他,公式資料で事業境界、主要顧客、価値提案、収益源を確認し、このテンプレート初期案を事業固有のBMCへ更新する
27,6367,ダイキン工業,機械,2,6367-02-business,化学,template_only,公式セグメントまたは主要事業を起点にした深掘り候補,https://www.daikin.co.jp/investor/ | 有価証券報告書 | 決算説明資料 | 統合報告書または中期経営計画 | 事業別ページまたは製品/サービスページ,business_bmcs/6367/6367-02-business.md,images/business_bmcs/6367/6367-02-business.png,テンプレート初期案。同一企業内で同じ原型BMCを共有する候補が3件あります: 空調、化学、その他。公式資料で事業別に再調査してください。,2026-06-11,template_only,3,空調、化学、その他,公式資料で事業境界、主要顧客、価値提案、収益源を確認し、このテンプレート初期案を事業固有のBMCへ更新する
27,6367,ダイキン工業,機械,3,6367-03-business,その他,template_only,公式セグメントまたは主要事業を起点にした深掘り候補,https://www.daikin.co.jp/investor/ | 有価証券報告書 | 決算説明資料 | 統合報告書または中期経営計画 | 事業別ページまたは製品/サービスページ,business_bmcs/6367/6367-03-business.md,images/business_bmcs/6367/6367-03-business.png,テンプレート初期案。同一企業内で同じ原型BMCを共有する候補が3件あります: 空調、化学、その他。公式資料で事業別に再調査してください。,2026-06-11,template_only,3,空調、化学、その他,公式資料で事業境界、主要顧客、価値提案、収益源を確認し、このテンプレート初期案を事業固有のBMCへ更新する
28,4568,第一三共,医薬品,1,4568-01-business,医療用医薬品,template_only,公式セグメントまたは主要事業を起点にした深掘り候補,https://www.daiichisankyo.co.jp/investors/ | 有価証券報告書 | 決算説明資料 | 統合報告書または中期経営計画 | 事業別ページまたは製品/サービスページ,business_bmcs/4568/4568-01-business.md,images/business_bmcs/4568/4568-01-business.png,テンプレート初期案。公式資料で事業境界、KPI、根拠URLを確認し、事業固有の記述へ更新してください。,2026-06-11,template_only,1,医療用医薬品,公式資料で事業境界、主要顧客、価値提案、収益源を確認し、このテンプレート初期案を事業固有のBMCへ更新する
29,7267,本田技研工業,輸送用機器,1,7267-01-business,二輪事業,template_only,公式セグメントまたは主要事業を起点にした深掘り候補,https://global.honda/jp/investors/ | 有価証券報告書 | 決算説明資料 | 統合報告書または中期経営計画 | 事業別ページまたは製品/サービスページ,business_bmcs/7267/7267-01-business.md,images/business_bmcs/7267/7267-01-business.png,テンプレート初期案。同一企業内で同じ原型BMCを共有する候補が3件あります: 二輪事業、四輪事業、パワープロダクツ及びその他。公式資料で事業別に再調査してください。,2026-06-11,template_only,3,二輪事業、四輪事業、パワープロダクツ及びその他,公式資料で事業境界、主要顧客、価値提案、収益源を確認し、このテンプレート初期案を事業固有のBMCへ更新する
29,7267,本田技研工業,輸送用機器,2,7267-02-business,四輪事業,template_only,公式セグメントまたは主要事業を起点にした深掘り候補,https://global.honda/jp/investors/ | 有価証券報告書 | 決算説明資料 | 統合報告書または中期経営計画 | 事業別ページまたは製品/サービスページ,business_bmcs/7267/7267-02-business.md,images/business_bmcs/7267/7267-02-business.png,テンプレート初期案。同一企業内で同じ原型BMCを共有する候補が3件あります: 二輪事業、四輪事業、パワープロダクツ及びその他。公式資料で事業別に再調査してください。,2026-06-11,template_only,3,二輪事業、四輪事業、パワープロダクツ及びその他,公式資料で事業境界、主要顧客、価値提案、収益源を確認し、このテンプレート初期案を事業固有のBMCへ更新する
29,7267,本田技研工業,輸送用機器,3,7267-03-business,金融サービス事業,template_only,公式セグメントまたは主要事業を起点にした深掘り候補,https://global.honda/jp/investors/ | 有価証券報告書 | 決算説明資料 | 統合報告書または中期経営計画 | 事業別ページまたは製品/サービスページ,business_bmcs/7267/7267-03-business.md,images/business_bmcs/7267/7267-03-business.png,テンプレート初期案。公式資料で事業境界、KPI、根拠URLを確認し、事業固有の記述へ更新してください。,2026-06-11,template_only,1,金融サービス事業,公式資料で事業境界、主要顧客、価値提案、収益源を確認し、このテンプレート初期案を事業固有のBMCへ更新する
29,7267,本田技研工業,輸送用機器,4,7267-04-business,パワープロダクツ及びその他,template_only,公式セグメントまたは主要事業を起点にした深掘り候補,https://global.honda/jp/investors/ | 有価証券報告書 | 決算説明資料 | 統合報告書または中期経営計画 | 事業別ページまたは製品/サービスページ,business_bmcs/7267/7267-04-business.md,images/business_bmcs/7267/7267-04-business.png,テンプレート初期案。同一企業内で同じ原型BMCを共有する候補が3件あります: 二輪事業、四輪事業、パワープロダクツ及びその他。公式資料で事業別に再調査してください。,2026-06-11,template_only,3,二輪事業、四輪事業、パワープロダクツ及びその他,公式資料で事業境界、主要顧客、価値提案、収益源を確認し、このテンプレート初期案を事業固有のBMCへ更新する
30,3382,セブン＆アイ・ホールディングス,小売業,1,3382-01-business,国内コンビニエンスストア,template_only,公式セグメントまたは主要事業を起点にした深掘り候補,https://www.7andi.com/ir/ | 有価証券報告書 | 決算説明資料 | 統合報告書または中期経営計画 | 事業別ページまたは製品/サービスページ,business_bmcs/3382/3382-01-business.md,images/business_bmcs/3382/3382-01-business.png,テンプレート初期案。同一企業内で同じ原型BMCを共有する候補が3件あります: 国内コンビニエンスストア、海外コンビニエンスストア、スーパーストア。公式資料で事業別に再調査してください。,2026-06-11,template_only,3,国内コンビニエンスストア、海外コンビニエンスストア、スーパーストア,公式資料で事業境界、主要顧客、価値提案、収益源を確認し、このテンプレート初期案を事業固有のBMCへ更新する
30,3382,セブン＆アイ・ホールディングス,小売業,2,3382-02-business,海外コンビニエンスストア,template_only,公式セグメントまたは主要事業を起点にした深掘り候補,https://www.7andi.com/ir/ | 有価証券報告書 | 決算説明資料 | 統合報告書または中期経営計画 | 事業別ページまたは製品/サービスページ,business_bmcs/3382/3382-02-business.md,images/business_bmcs/3382/3382-02-business.png,テンプレート初期案。同一企業内で同じ原型BMCを共有する候補が3件あります: 国内コンビニエンスストア、海外コンビニエンスストア、スーパーストア。公式資料で事業別に再調査してください。,2026-06-11,template_only,3,国内コンビニエンスストア、海外コンビニエンスストア、スーパーストア,公式資料で事業境界、主要顧客、価値提案、収益源を確認し、このテンプレート初期案を事業固有のBMCへ更新する
30,3382,セブン＆アイ・ホールディングス,小売業,3,3382-03-business,スーパーストア,template_only,公式セグメントまたは主要事業を起点にした深掘り候補,https://www.7andi.com/ir/ | 有価証券報告書 | 決算説明資料 | 統合報告書または中期経営計画 | 事業別ページまたは製品/サービスページ,business_bmcs/3382/3382-03-business.md,images/business_bmcs/3382/3382-03-business.png,テンプレート初期案。同一企業内で同じ原型BMCを共有する候補が3件あります: 国内コンビニエンスストア、海外コンビニエンスストア、スーパーストア。公式資料で事業別に再調査してください。,2026-06-11,template_only,3,国内コンビニエンスストア、海外コンビニエンスストア、スーパーストア,公式資料で事業境界、主要顧客、価値提案、収益源を確認し、このテンプレート初期案を事業固有のBMCへ更新する
30,3382,セブン＆アイ・ホールディングス,小売業,4,3382-04-business,金融関連,template_only,公式セグメントまたは主要事業を起点にした深掘り候補,https://www.7andi.com/ir/ | 有価証券報告書 | 決算説明資料 | 統合報告書または中期経営計画 | 事業別ページまたは製品/サービスページ,business_bmcs/3382/3382-04-business.md,images/business_bmcs/3382/3382-04-business.png,テンプレート初期案。公式資料で事業境界、KPI、根拠URLを確認し、事業固有の記述へ更新してください。,2026-06-11,template_only,1,金融関連,公式資料で事業境界、主要顧客、価値提案、収益源を確認し、このテンプレート初期案を事業固有のBMCへ更新する
